Date,Habit_Name,Status,Sleep_Hours,Exercise_Minutes,Screen_Time_Hours,Tasks_Completed,Habit_Duration_Minutes,Productivity_Score
2024-01-01,Language Learning,Partial,7.8,26,4.1,6,10,74.4
2024-01-01,Evening Journaling,Partial,6.7,0,6.8,5,15,42.1
2024-01-02,Deep Work Block,Completed,8.2,33,5.5,2,84,78.6
2024-01-03,Hydration & Nutrition Tracking,Completed,7.6,0,4.7,5,42,81.3
2024-01-03,Language Learning,Completed,6.8,44,6.8,4,27,71.5
2024-01-04,Meditation & Mindfulness,Completed,8.0,0,6.1,3,23,54.4
2024-01-05,Morning Workout / Exercise,Missed,6.6,20,3.9,1,5,50.5
2024-01-05,Daily Reading,Partial,6.2,0,4.3,5,28,64.5
2024-01-06,Morning Workout / Exercise,Completed,8.8,17,3.0,8,20,80.3
2024-01-07,Language Learning,Partial,7.6,65,11.9,4,21,56.9
2024-01-08,Hydration & Nutrition Tracking,Completed,7.1,55,4.4,7,72,99.5
2024-01-08,Hydration & Nutrition Tracking,Completed,7.0,0,5.0,8,61,87.8
2024-01-09,Coding Practice,Partial,7.8,32,4.2,5,29,78.2
2024-01-10,Coding Practice,Completed,6.1,30,5.3,7,51,88.8
2024-01-10,Deep Work Block,Completed,5.0,0,4.3,4,76,65.7
2024-01-11,Hydration & Nutrition Tracking,Completed,7.3,30,5.5,7,54,93.1
2024-01-12,Evening Journaling,Completed,6.4,41,7.1,4,62,81.2
2024-01-12,Coding Practice,Completed,6.1,0,4.8,10,72,84.0
2024-01-13,Daily Reading,Completed,6.8,0,5.5,8,79,86.7
2024-01-14,Daily Reading,Completed,6.8,48,6.2,9,22,88.9
2024-01-15,Evening Journaling,Missed,8.3,0,6.1,8,5,61.1
2024-01-15,Coding Practice,Partial,7.3,42,7.3,6,12,78.6
2024-01-16,Deep Work Block,Completed,8.7,0,3.4,6,81,76.4
2024-01-17,Daily Reading,Completed,6.2,40,4.2,4,53,86.8
2024-01-17,Coding Practice,Missed,5.1,22,7.3,7,9,47.3
2024-01-18,Meditation & Mindfulness,Completed,6.0,46,5.6,8,45,96.9
2024-01-19,Hydration & Nutrition Tracking,Completed,7.1,10,7.8,5,67,70.0
2024-01-19,Language Learning,Completed,8.4,38,7.7,9,27,77.2
2024-01-20,Language Learning,Completed,7.9,0,3.2,5,52,72.1
2024-01-21,Language Learning,Completed,9.4,10,6.4,5,56,63.2
2024-01-22,Deep Work Block,Partial,6.8,37,6.7,5,29,80.4
2024-01-22,Evening Journaling,Partial,6.4,10,6.1,4,33,57.0
2024-01-23,Hydration & Nutrition Tracking,Completed,7.1,0,9.0,4,24,45.2
2024-01-24,Coding Practice,Partial,5.8,54,6.5,10,11,81.9
2024-01-24,Meditation & Mindfulness,Completed,6.5,0,5.3,8,66,83.4
2024-01-25,Hydration & Nutrition Tracking,Completed,4.9,30,6.0,10,26,74.4
2024-01-26,Hydration & Nutrition Tracking,Partial,7.2,44,7.5,8,35,87.9
2024-01-26,Hydration & Nutrition Tracking,Completed,7.4,45,5.6,5,59,99.5
2024-01-27,Morning Workout / Exercise,Completed,6.7,73,5.7,7,51,97.3
2024-01-28,Hydration & Nutrition Tracking,Completed,6.6,0,7.1,8,54,77.4
2024-01-29,Morning Workout / Exercise,Completed,8.3,42,7.2,3,37,72.9
2024-01-29,Coding Practice,Missed,8.6,38,5.4,8,8,77.1
2024-01-30,Coding Practice,Completed,5.7,0,1.0,7,38,64.2
2024-01-31,Hydration & Nutrition Tracking,Partial,7.5,37,4.2,6,18,89.9
2024-01-31,Daily Reading,Partial,7.0,54,6.7,6,25,76.6
2024-02-01,Deep Work Block,Partial,6.8,58,4.9,4,38,77.3
2024-02-02,Morning Workout / Exercise,Completed,8.9,27,3.1,10,64,99.3
2024-02-02,Language Learning,Partial,7.8,36,6.5,8,20,86.0
2024-02-03,Hydration & Nutrition Tracking,Completed,7.2,25,4.1,10,40,95.1
2024-02-04,Evening Journaling,Completed,6.5,35,3.4,9,20,80.1
2024-02-05,Meditation & Mindfulness,Completed,7.6,35,7.0,8,58,95.9
2024-02-05,Evening Journaling,Completed,7.4,10,8.2,6,79,72.7
2024-02-06,Evening Journaling,Completed,6.5,67,6.2,6,71,97.6
2024-02-07,Daily Reading,Completed,8.1,13,6.8,9,85,85.5
2024-02-07,Morning Workout / Exercise,Completed,6.9,28,7.4,5,105,86.6
2024-02-08,Coding Practice,Partial,6.8,0,7.7,2,13,29.6
2024-02-09,Language Learning,Partial,5.0,73,6.2,1,34,56.4
2024-02-09,Morning Workout / Exercise,Missed,5.3,37,5.8,7,15,63.6
2024-02-10,Evening Journaling,Completed,4.8,74,8.7,4,66,62.8
2024-02-11,Deep Work Block,Partial,9.5,0,5.2,5,17,48.7
2024-02-12,Morning Workout / Exercise,Partial,6.1,0,3.6,3,24,48.1
2024-02-12,Coding Practice,Completed,7.1,34,4.5,7,44,92.5
2024-02-13,Coding Practice,Completed,7.4,66,6.5,4,64,94.6
2024-02-14,Meditation & Mindfulness,Completed,8.9,0,1.4,4,26,53.6
2024-02-14,Meditation & Mindfulness,Completed,6.0,10,5.1,5,98,80.9
2024-02-15,Language Learning,Partial,7.8,31,4.6,9,11,79.2
2024-02-16,Hydration & Nutrition Tracking,Completed,8.2,34,1.7,8,57,99.5
2024-02-16,Coding Practice,Missed,7.1,10,6.8,4,12,50.9
2024-02-17,Deep Work Block,Partial,5.2,55,7.2,6,16,62.6
2024-02-18,Daily Reading,Completed,7.7,27,7.2,9,70,93.6
2024-02-19,Language Learning,Partial,9.9,0,6.6,8,31,57.9
2024-02-19,Daily Reading,Missed,7.7,66,6.4,5,7,72.1
2024-02-20,Hydration & Nutrition Tracking,Completed,7.9,14,7.3,2,44,66.1
2024-02-21,Evening Journaling,Completed,5.1,31,3.0,6,50,82.8
2024-02-21,Coding Practice,Completed,7.5,10,8.0,4,37,64.4
2024-02-22,Language Learning,Completed,8.3,39,5.0,4,71,86.9
2024-02-23,Coding Practice,Completed,7.1,71,6.0,4,39,75.5
2024-02-23,Meditation & Mindfulness,Completed,6.7,0,6.5,8,74,87.1
2024-02-24,Meditation & Mindfulness,Partial,8.3,16,4.6,2,18,58.7
2024-02-25,Evening Journaling,Completed,7.4,39,7.1,7,59,95.6
2024-02-26,Meditation & Mindfulness,Completed,7.7,0,5.2,5,46,72.5
2024-02-26,Language Learning,Missed,7.3,57,4.7,6,15,84.6
2024-02-27,Hydration & Nutrition Tracking,Completed,7.0,20,5.7,8,71,96.0
2024-02-28,Evening Journaling,Completed,6.0,0,5.5,1,53,50.8
2024-02-28,Language Learning,Completed,8.0,0,5.9,2,54,63.0
2024-02-29,Meditation & Mindfulness,Completed,10.0,0,5.9,4,68,56.8
2024-03-01,Hydration & Nutrition Tracking,Completed,7.4,43,7.9,9,34,99.2
2024-03-01,Deep Work Block,Completed,9.3,31,5.1,2,39,58.7
2024-03-02,Language Learning,Missed,9.1,33,7.6,2,11,44.6
2024-03-03,Evening Journaling,Completed,5.6,47,3.9,5,50,88.9
2024-03-03,Evening Journaling,Partial,6.2,10,4.2,7,17,70.9
2024-03-04,Evening Journaling,Completed,7.7,54,5.5,5,75,96.4
2024-03-05,Language Learning,Completed,5.7,59,4.6,8,47,95.1
2024-03-06,Coding Practice,Completed,7.5,31,8.2,11,68,93.6
2024-03-06,Daily Reading,Completed,6.7,0,6.3,8,74,84.9
2024-03-07,Evening Journaling,Completed,5.4,47,7.7,7,60,88.5
2024-03-08,Meditation & Mindfulness,Completed,10.0,34,8.3,5,20,47.6
2024-03-08,Coding Practice,Partial,7.4,0,4.4,2,17,58.6
2024-03-09,Language Learning,Completed,6.2,47,5.6,6,32,83.7
2024-03-10,Daily Reading,Completed,5.3,0,10.4,6,77,48.7
2024-03-11,Hydration & Nutrition Tracking,Completed,6.0,10,4.1,12,74,86.6
2024-03-11,Deep Work Block,Completed,7.1,0,6.9,9,57,85.4
2024-03-12,Language Learning,Partial,7.9,62,7.7,6,21,77.6
2024-03-13,Deep Work Block,Completed,6.6,18,7.7,6,68,78.0
2024-03-13,Morning Workout / Exercise,Completed,7.2,15,8.3,4,109,71.5
2024-03-14,Morning Workout / Exercise,Partial,8.3,0,6.5,1,18,42.2
2024-03-15,Morning Workout / Exercise,Completed,8.3,34,6.3,6,67,90.0
2024-03-15,Daily Reading,Missed,8.5,25,9.9,5,7,51.8
2024-03-16,Language Learning,Completed,5.2,32,7.0,10,64,83.2
2024-03-17,Language Learning,Completed,8.9,0,4.0,6,38,76.4
2024-03-18,Deep Work Block,Partial,6.5,0,7.8,5,31,51.2
2024-03-18,Coding Practice,Completed,6.6,0,4.7,4,78,77.8
2024-03-19,Coding Practice,Missed,6.6,78,4.6,1,5,58.4
2024-03-20,Daily Reading,Missed,5.3,47,7.8,4,10,45.8
2024-03-20,Evening Journaling,Partial,5.8,0,6.8,6,25,56.3
2024-03-21,Daily Reading,Partial,8.7,17,6.9,5,30,65.7
2024-03-22,Deep Work Block,Completed,6.7,0,4.1,4,66,77.9
2024-03-22,Morning Workout / Exercise,Completed,7.1,25,6.7,7,63,91.0
2024-03-23,Evening Journaling,Completed,7.2,20,6.1,5,58,88.2
2024-03-24,Meditation & Mindfulness,Completed,6.9,29,6.1,9,34,87.6
2024-03-25,Deep Work Block,Completed,6.4,0,4.7,11,77,92.5
2024-03-25,Meditation & Mindfulness,Completed,8.9,36,2.7,5,30,76.6
2024-03-26,Language Learning,Partial,8.1,29,4.9,5,10,68.1
2024-03-27,Morning Workout / Exercise,Partial,6.4,0,4.6,3,39,59.0
2024-03-27,Evening Journaling,Completed,8.4,0,8.7,1,65,46.7
2024-03-28,Morning Workout / Exercise,Completed,7.1,0,8.4,7,39,61.2
2024-03-29,Deep Work Block,Completed,6.9,54,2.7,7,54,99.5
2024-03-29,Coding Practice,Completed,5.9,10,7.2,8,63,75.2
2024-03-30,Deep Work Block,Completed,7.1,37,5.1,4,32,80.0
2024-03-31,Deep Work Block,Completed,6.3,0,5.5,4,58,63.4
2024-04-01,Coding Practice,Partial,7.6,0,6.0,7,33,79.2
2024-04-01,Deep Work Block,Partial,8.9,54,6.9,9,19,84.1
2024-04-02,Morning Workout / Exercise,Completed,7.4,0,5.4,3,68,77.9
2024-04-03,Meditation & Mindfulness,Completed,6.8,45,3.9,5,67,99.5
2024-04-03,Daily Reading,Completed,7.8,10,5.5,4,46,68.0
2024-04-04,Language Learning,Completed,8.4,36,4.9,10,30,85.5
2024-04-05,Meditation & Mindfulness,Completed,8.2,90,5.7,5,85,99.5
2024-04-05,Meditation & Mindfulness,Completed,7.9,10,6.8,3,82,72.5
2024-04-06,Daily Reading,Partial,9.0,10,6.2,1,17,38.1
2024-04-07,Deep Work Block,Completed,7.0,57,7.9,2,47,67.7
2024-04-08,Deep Work Block,Completed,9.1,65,4.4,4,51,88.3
2024-04-08,Evening Journaling,Completed,8.3,29,7.0,3,38,67.3
2024-04-09,Meditation & Mindfulness,Completed,5.4,59,7.1,8,76,90.3
2024-04-10,Coding Practice,Completed,6.8,0,4.8,8,56,89.8
2024-04-10,Hydration & Nutrition Tracking,Completed,7.1,22,8.7,11,50,83.3
2024-04-11,Evening Journaling,Completed,7.6,22,6.5,4,67,83.0
2024-04-12,Evening Journaling,Completed,6.5,52,3.6,6,58,99.5
2024-04-12,Deep Work Block,Completed,7.4,57,7.9,8,32,96.4
2024-04-13,Morning Workout / Exercise,Completed,5.9,0,2.9,8,48,79.3
2024-04-14,Language Learning,Partial,6.9,55,7.7,7,32,86.3
2024-04-15,Daily Reading,Partial,5.6,21,7.8,2,36,53.8
2024-04-15,Daily Reading,Completed,5.5,32,8.8,9,41,79.9
2024-04-16,Daily Reading,Completed,5.4,41,7.6,1,72,64.6
2024-04-17,Daily Reading,Completed,8.0,0,6.3,6,66,77.5
2024-04-17,Evening Journaling,Completed,6.2,39,7.2,4,58,75.3
2024-04-18,Hydration & Nutrition Tracking,Completed,8.9,0,6.8,4,57,56.0
2024-04-19,Language Learning,Completed,6.6,47,4.3,6,45,98.9
2024-04-19,Hydration & Nutrition Tracking,Completed,7.3,47,5.3,7,64,99.5
2024-04-20,Morning Workout / Exercise,Completed,7.4,42,4.3,3,68,95.8
2024-04-21,Language Learning,Completed,7.5,23,3.7,7,67,99.5
2024-04-22,Language Learning,Completed,6.6,0,4.1,7,31,75.3
2024-04-22,Deep Work Block,Completed,5.7,45,4.4,2,20,66.4
2024-04-23,Language Learning,Completed,8.4,10,7.7,6,60,77.1
2024-04-24,Meditation & Mindfulness,Completed,5.8,26,3.6,6,39,79.0
2024-04-24,Coding Practice,Completed,5.5,33,3.0,2,28,59.5
2024-04-25,Meditation & Mindfulness,Completed,7.3,20,6.9,4,56,82.9
2024-04-26,Deep Work Block,Completed,6.9,10,4.9,4,70,76.5
2024-04-26,Coding Practice,Completed,7.5,40,5.5,8,74,99.5
2024-04-27,Hydration & Nutrition Tracking,Completed,5.7,0,8.2,6,58,60.5
2024-04-28,Morning Workout / Exercise,Completed,7.2,53,5.1,7,46,99.5
2024-04-28,Evening Journaling,Completed,6.4,0,6.6,5,74,71.0
2024-04-29,Morning Workout / Exercise,Completed,7.3,37,7.3,9,66,99.5
2024-04-30,Deep Work Block,Partial,5.8,36,3.9,2,25,62.6
2024-05-01,Language Learning,Completed,6.1,43,4.4,7,29,84.1
2024-05-01,Daily Reading,Completed,7.7,0,5.7,2,67,71.7
2024-05-02,Language Learning,Missed,6.6,0,5.1,4,8,48.4
2024-05-03,Meditation & Mindfulness,Completed,7.4,0,4.5,4,64,75.7
2024-05-03,Coding Practice,Completed,5.7,33,8.0,5,72,76.0
2024-05-04,Coding Practice,Completed,6.9,19,8.9,8,64,79.6
2024-05-05,Hydration & Nutrition Tracking,Completed,6.1,37,8.0,6,54,75.9
2024-05-05,Meditation & Mindfulness,Partial,8.0,15,7.6,7,29,70.2
2024-05-06,Deep Work Block,Missed,6.5,56,2.9,5,9,78.6
2024-05-07,Daily Reading,Completed,6.2,0,1.9,6,74,78.1
2024-05-08,Evening Journaling,Completed,7.5,0,5.1,6,28,68.7
2024-05-08,Daily Reading,Missed,6.0,10,4.4,6,14,62.2
2024-05-09,Evening Journaling,Partial,5.6,0,8.5,7,15,47.2
2024-05-10,Morning Workout / Exercise,Completed,8.5,23,5.1,3,53,77.2
2024-05-10,Evening Journaling,Partial,7.2,31,4.3,3,10,74.2
2024-05-11,Coding Practice,Completed,6.0,37,9.5,3,77,63.3
2024-05-12,Language Learning,Completed,7.8,59,5.5,8,69,99.5
2024-05-13,Coding Practice,Partial,7.8,69,6.3,7,18,81.1
2024-05-13,Meditation & Mindfulness,Partial,7.2,42,10.5,7,10,68.6
2024-05-14,Language Learning,Partial,7.6,41,3.6,7,32,95.8
2024-05-15,Daily Reading,Completed,7.9,42,3.3,8,83,99.5
2024-05-15,Hydration & Nutrition Tracking,Completed,6.0,42,6.2,8,70,99.5
2024-05-16,Language Learning,Completed,8.1,69,5.1,7,73,99.5
2024-05-17,Evening Journaling,Completed,5.3,0,5.1,5,26,46.0
2024-05-17,Language Learning,Completed,6.6,41,9.2,11,87,93.7
2024-05-18,Morning Workout / Exercise,Completed,6.1,44,6.8,5,20,69.9
2024-05-19,Coding Practice,Completed,6.3,0,5.6,10,67,79.0
2024-05-20,Meditation & Mindfulness,Completed,9.2,0,7.3,8,62,73.2
2024-05-20,Daily Reading,Completed,7.4,10,7.7,6,47,76.0
2024-05-21,Deep Work Block,Completed,7.4,43,6.0,6,45,93.2
2024-05-22,Deep Work Block,Partial,7.6,0,6.0,6,22,62.6
2024-05-22,Meditation & Mindfulness,Partial,6.3,18,2.3,5,32,72.1
2024-05-23,Daily Reading,Completed,7.0,39,3.8,2,34,76.3
2024-05-24,Language Learning,Partial,7.3,46,6.8,6,45,88.8
2024-05-24,Deep Work Block,Completed,7.9,10,7.9,4,38,61.2
2024-05-25,Deep Work Block,Missed,8.5,0,7.6,1,11,35.3
2024-05-26,Morning Workout / Exercise,Completed,6.0,0,1.0,5,95,79.2
2024-05-27,Coding Practice,Completed,6.1,32,4.3,1,54,70.9
2024-05-27,Meditation & Mindfulness,Partial,8.4,43,5.3,5,10,75.9
2024-05-28,Deep Work Block,Completed,7.1,23,2.0,4,50,78.4
2024-05-29,Meditation & Mindfulness,Completed,6.9,44,8.3,9,65,99.5
2024-05-29,Evening Journaling,Completed,7.0,15,6.2,2,80,78.5
2024-05-30,Language Learning,Completed,7.4,20,6.6,11,33,84.7
2024-05-31,Evening Journaling,Missed,8.8,44,4.7,7,6,76.6
2024-05-31,Coding Practice,Partial,7.8,0,6.3,7,43,77.0
2024-06-01,Meditation & Mindfulness,Missed,7.5,51,7.1,5,10,77.5
2024-06-02,Evening Journaling,Partial,6.6,30,8.7,5,37,71.7
2024-06-03,Coding Practice,Partial,7.7,44,5.2,4,29,79.2
2024-06-03,Deep Work Block,Partial,8.2,13,2.3,6,35,73.3
2024-06-04,Coding Practice,Missed,8.0,0,4.7,7,13,66.1
2024-06-05,Coding Practice,Completed,5.9,10,7.3,5,53,65.2
2024-06-05,Language Learning,Completed,7.4,53,6.7,6,58,99.5
2024-06-06,Deep Work Block,Completed,8.2,44,4.6,4,56,85.9
2024-06-07,Daily Reading,Completed,6.9,0,7.0,10,47,79.3
2024-06-07,Coding Practice,Partial,8.0,0,4.6,6,36,70.3
2024-06-08,Hydration & Nutrition Tracking,Completed,7.5,0,4.9,7,53,90.0
2024-06-09,Language Learning,Completed,7.0,55,8.0,10,34,91.1
2024-06-10,Language Learning,Completed,8.0,25,4.2,4,62,87.5
2024-06-10,Evening Journaling,Completed,7.1,34,4.7,6,46,90.8
2024-06-11,Deep Work Block,Completed,9.7,28,3.5,1,74,73.8
2024-06-12,Deep Work Block,Completed,6.9,24,6.7,13,62,93.0
2024-06-12,Deep Work Block,Partial,8.1,27,6.2,8,24,79.7
2024-06-13,Language Learning,Completed,5.7,10,6.3,7,23,64.3
2024-06-14,Hydration & Nutrition Tracking,Partial,8.1,0,6.8,5,30,62.7
2024-06-14,Meditation & Mindfulness,Completed,7.9,0,8.5,5,65,66.3
2024-06-15,Language Learning,Completed,8.1,43,3.7,6,64,98.6
2024-06-16,Hydration & Nutrition Tracking,Missed,7.3,0,4.5,6,8,64.0
2024-06-17,Hydration & Nutrition Tracking,Completed,5.1,27,6.9,9,52,77.5
2024-06-17,Daily Reading,Completed,6.5,21,3.8,5,83,87.8
2024-06-18,Meditation & Mindfulness,Completed,7.7,36,5.2,9,116,99.5
2024-06-19,Hydration & Nutrition Tracking,Partial,6.1,61,8.3,5,22,58.7
2024-06-19,Coding Practice,Partial,6.3,42,7.9,4,26,60.1
2024-06-20,Morning Workout / Exercise,Completed,7.3,0,3.8,5,20,64.4
2024-06-21,Hydration & Nutrition Tracking,Partial,5.7,11,6.0,6,16,56.3
2024-06-21,Daily Reading,Missed,5.5,11,3.7,6,18,68.4
2024-06-22,Coding Practice,Completed,6.7,56,4.3,7,95,99.5
2024-06-23,Hydration & Nutrition Tracking,Missed,5.0,51,5.5,3,8,61.4
2024-06-24,Daily Reading,Partial,6.2,57,5.5,10,18,86.3
2024-06-24,Hydration & Nutrition Tracking,Completed,5.5,42,6.3,7,76,89.7
2024-06-25,Hydration & Nutrition Tracking,Partial,6.5,39,4.9,6,15,77.6
2024-06-26,Meditation & Mindfulness,Partial,5.2,60,7.0,4,27,52.6
2024-06-26,Deep Work Block,Completed,7.8,43,9.6,3,80,76.7
2024-06-27,Daily Reading,Completed,8.5,34,6.9,1,68,69.0
2024-06-28,Evening Journaling,Partial,7.3,57,7.8,7,37,85.7
2024-06-28,Coding Practice,Missed,8.2,47,6.7,8,12,80.2
2024-06-29,Hydration & Nutrition Tracking,Partial,7.4,40,5.4,4,15,78.6
2024-06-30,Meditation & Mindfulness,Completed,7.0,0,4.8,1,59,63.7
2024-07-01,Morning Workout / Exercise,Completed,6.3,46,4.4,3,67,86.7
2024-07-01,Language Learning,Missed,8.3,32,6.9,2,9,51.6
2024-07-02,Hydration & Nutrition Tracking,Completed,7.2,25,6.9,8,63,99.5
2024-07-03,Coding Practice,Completed,7.0,52,4.0,7,65,99.5
2024-07-03,Hydration & Nutrition Tracking,Missed,10.0,17,5.2,4,14,45.0
2024-07-04,Deep Work Block,Completed,7.0,0,7.5,3,37,56.5
2024-07-05,Daily Reading,Partial,7.4,19,7.3,6,23,72.3
2024-07-05,Coding Practice,Completed,7.1,73,8.4,8,74,99.5
2024-07-06,Deep Work Block,Completed,7.6,23,5.5,2,54,72.6
2024-07-07,Language Learning,Completed,5.6,0,1.7,2,26,49.1
2024-07-08,Language Learning,Partial,6.8,45,6.9,9,30,91.5
2024-07-08,Meditation & Mindfulness,Partial,7.0,16,8.8,4,31,55.3
2024-07-09,Daily Reading,Completed,7.9,42,8.5,7,42,86.6
2024-07-10,Morning Workout / Exercise,Completed,7.0,0,5.4,1,70,53.6
2024-07-10,Coding Practice,Completed,7.9,0,6.5,10,43,72.1
2024-07-11,Deep Work Block,Completed,6.8,50,6.9,5,43,83.6
2024-07-12,Meditation & Mindfulness,Completed,8.9,71,7.2,9,57,96.1
2024-07-12,Evening Journaling,Partial,9.3,10,4.1,5,23,57.3
2024-07-13,Meditation & Mindfulness,Completed,6.3,0,7.3,10,97,78.1
2024-07-14,Daily Reading,Missed,7.0,0,4.6,5,8,62.6
2024-07-15,Hydration & Nutrition Tracking,Completed,7.8,54,5.9,7,34,97.7
2024-07-15,Deep Work Block,Partial,6.2,18,5.5,6,30,70.2
2024-07-16,Hydration & Nutrition Tracking,Missed,5.4,14,6.1,12,5,57.5
2024-07-17,Hydration & Nutrition Tracking,Completed,8.4,30,6.9,2,64,78.1
2024-07-17,Language Learning,Completed,5.7,0,4.3,9,38,78.5
2024-07-18,Evening Journaling,Missed,6.5,46,4.1,8,16,93.6
2024-07-19,Daily Reading,Missed,7.8,45,6.6,7,14,75.2
2024-07-19,Language Learning,Completed,6.4,18,5.0,7,46,83.6
2024-07-20,Daily Reading,Partial,7.2,49,9.9,5,24,65.4
2024-07-21,Morning Workout / Exercise,Completed,6.4,52,8.3,3,40,64.7
2024-07-22,Hydration & Nutrition Tracking,Missed,6.3,51,6.6,4,8,57.3
2024-07-22,Evening Journaling,Completed,7.8,85,4.2,3,51,93.6
2024-07-23,Meditation & Mindfulness,Partial,7.3,0,7.6,4,14,47.0
2024-07-24,Coding Practice,Completed,7.3,0,5.8,8,80,87.7
2024-07-24,Evening Journaling,Completed,8.2,51,5.9,9,42,97.4
2024-07-25,Meditation & Mindfulness,Completed,8.0,0,1.2,3,33,63.8
2024-07-26,Language Learning,Completed,5.9,53,6.2,5,69,84.2
2024-07-26,Evening Journaling,Missed,6.8,64,2.7,5,11,84.6
2024-07-27,Daily Reading,Completed,7.6,51,3.3,1,49,84.0
2024-07-28,Daily Reading,Partial,7.7,0,9.4,14,31,63.7
2024-07-29,Evening Journaling,Completed,6.9,0,6.2,5,73,72.2
2024-07-29,Meditation & Mindfulness,Missed,6.7,57,7.5,8,10,69.6
2024-07-30,Language Learning,Completed,7.1,30,6.3,7,79,95.6
2024-07-31,Coding Practice,Completed,10.0,38,4.6,8,63,95.4
2024-07-31,Daily Reading,Missed,6.6,0,6.1,7,15,65.7
2024-08-01,Morning Workout / Exercise,Partial,8.4,49,7.8,11,25,80.2
2024-08-02,Coding Practice,Completed,6.8,14,7.6,6,26,65.8
2024-08-02,Deep Work Block,Completed,9.2,26,5.5,5,58,80.6
2024-08-03,Coding Practice,Partial,7.5,31,6.6,6,29,80.9
2024-08-04,Morning Workout / Exercise,Missed,6.9,21,4.6,10,5,71.0
2024-08-05,Daily Reading,Completed,9.1,40,9.2,7,60,77.4
2024-08-05,Daily Reading,Completed,7.1,0,6.1,10,81,82.0
2024-08-06,Morning Workout / Exercise,Partial,8.1,10,9.6,8,42,64.0
2024-08-07,Morning Workout / Exercise,Partial,7.4,34,6.3,10,32,88.4
2024-08-07,Deep Work Block,Completed,9.1,50,5.9,8,37,94.1
2024-08-08,Coding Practice,Missed,8.0,0,5.8,6,11,57.7
2024-08-09,Language Learning,Partial,7.5,43,6.3,2,37,79.4
2024-08-09,Hydration & Nutrition Tracking,Completed,7.5,33,4.5,4,89,93.6
2024-08-10,Morning Workout / Exercise,Completed,5.3,60,5.3,8,20,79.6
2024-08-11,Evening Journaling,Completed,8.8,50,4.4,6,68,97.5
2024-08-12,Coding Practice,Partial,8.1,31,5.0,9,28,92.5
2024-08-12,Coding Practice,Completed,9.4,24,4.9,2,41,60.3
2024-08-13,Coding Practice,Completed,6.5,21,5.7,6,84,85.8
2024-08-14,Meditation & Mindfulness,Completed,7.3,40,5.2,4,33,79.8
2024-08-14,Evening Journaling,Completed,8.1,0,4.2,6,57,84.1
2024-08-15,Hydration & Nutrition Tracking,Completed,6.6,50,5.8,9,20,82.5
2024-08-16,Coding Practice,Partial,7.2,28,2.1,5,24,77.8
2024-08-16,Language Learning,Completed,5.2,30,5.3,8,73,84.7
2024-08-17,Deep Work Block,Completed,7.3,48,6.4,7,37,90.2
2024-08-18,Morning Workout / Exercise,Completed,7.4,0,5.5,5,40,68.8
2024-08-18,Meditation & Mindfulness,Completed,7.2,42,6.5,8,84,99.5
2024-08-19,Hydration & Nutrition Tracking,Completed,8.3,33,4.0,6,36,87.3
2024-08-20,Hydration & Nutrition Tracking,Completed,7.2,0,6.5,8,77,87.7
2024-08-21,Daily Reading,Completed,8.7,74,7.5,3,71,81.5
2024-08-21,Deep Work Block,Partial,7.3,0,5.1,4,35,77.0
2024-08-22,Daily Reading,Partial,7.1,0,7.6,9,20,64.5
2024-08-23,Evening Journaling,Completed,7.3,48,4.5,6,78,99.5
2024-08-23,Hydration & Nutrition Tracking,Partial,7.6,18,4.6,3,10,61.7
2024-08-24,Daily Reading,Completed,6.5,0,6.8,5,77,67.1
2024-08-25,Evening Journaling,Completed,7.5,0,8.5,7,84,79.7
2024-08-25,Language Learning,Completed,8.1,23,8.5,3,81,64.3
2024-08-26,Evening Journaling,Partial,6.8,52,6.4,11,36,93.0
2024-08-27,Hydration & Nutrition Tracking,Partial,5.9,15,6.4,9,27,71.2
2024-08-28,Daily Reading,Completed,7.9,0,4.2,10,65,95.7
2024-08-28,Evening Journaling,Completed,9.0,81,4.3,8,80,99.5
2024-08-29,Hydration & Nutrition Tracking,Partial,7.7,13,7.7,7,32,75.4
2024-08-30,Coding Practice,Partial,8.0,0,7.3,6,10,51.3
2024-08-30,Evening Journaling,Completed,5.5,39,5.3,8,48,89.1
2024-08-31,Hydration & Nutrition Tracking,Completed,8.0,42,5.1,7,72,99.5
2024-09-01,Daily Reading,Missed,8.3,0,5.6,5,16,53.8
2024-09-01,Daily Reading,Completed,6.9,0,4.8,3,77,71.0
2024-09-02,Morning Workout / Exercise,Completed,6.0,42,7.7,6,55,80.9
2024-09-03,Morning Workout / Exercise,Completed,8.9,56,6.2,2,27,68.1
2024-09-04,Hydration & Nutrition Tracking,Missed,8.7,58,6.8,8,17,80.2
2024-09-04,Morning Workout / Exercise,Completed,6.5,28,6.1,6,56,85.9
2024-09-05,Deep Work Block,Completed,6.4,48,4.2,11,44,99.3
2024-09-06,Meditation & Mindfulness,Partial,7.6,0,5.5,3,44,63.7
2024-09-06,Coding Practice,Completed,4.4,0,5.3,2,65,48.1
2024-09-07,Evening Journaling,Completed,8.0,31,6.1,6,52,83.9
2024-09-08,Coding Practice,Completed,7.9,0,6.9,4,72,66.5
2024-09-08,Daily Reading,Completed,8.0,19,6.8,6,46,79.6
2024-09-09,Meditation & Mindfulness,Completed,7.0,0,4.5,4,40,62.0
2024-09-10,Morning Workout / Exercise,Completed,6.9,44,5.8,7,30,87.9
2024-09-11,Meditation & Mindfulness,Completed,8.4,0,6.9,5,46,59.8
2024-09-11,Language Learning,Missed,6.7,32,7.3,10,9,68.2
2024-09-12,Morning Workout / Exercise,Completed,7.6,19,4.3,6,20,77.2
2024-09-13,Deep Work Block,Partial,6.2,0,3.3,8,10,65.5
2024-09-13,Evening Journaling,Partial,6.1,37,3.3,6,42,90.8
2024-09-14,Language Learning,Completed,7.1,44,4.5,7,20,91.4
2024-09-15,Hydration & Nutrition Tracking,Completed,8.7,15,7.0,1,72,55.0
2024-09-16,Coding Practice,Partial,7.6,0,5.7,9,33,78.1
2024-09-16,Evening Journaling,Missed,7.3,0,6.6,9,7,61.6
2024-09-17,Deep Work Block,Partial,6.9,82,9.9,10,30,84.0
2024-09-18,Deep Work Block,Completed,9.0,35,3.7,4,49,83.2
2024-09-18,Hydration & Nutrition Tracking,Missed,7.2,51,7.6,9,13,89.0
2024-09-19,Hydration & Nutrition Tracking,Partial,7.3,31,6.5,6,10,74.7
2024-09-20,Morning Workout / Exercise,Partial,7.4,0,3.2,8,17,78.8
2024-09-20,Evening Journaling,Completed,6.6,43,4.3,5,79,94.7
2024-09-21,Coding Practice,Completed,9.3,0,7.4,9,58,66.1
2024-09-22,Hydration & Nutrition Tracking,Partial,6.0,25,7.1,6,24,64.1
2024-09-23,Daily Reading,Completed,7.5,18,6.8,8,25,80.9
2024-09-23,Coding Practice,Completed,10.0,55,7.7,3,29,53.9
2024-09-24,Deep Work Block,Completed,6.3,43,5.9,6,69,91.5
2024-09-25,Language Learning,Completed,6.7,39,1.0,6,22,87.5
2024-09-25,Evening Journaling,Completed,8.1,0,4.6,5,77,78.7
2024-09-26,Meditation & Mindfulness,Completed,8.2,33,5.3,7,32,89.7
2024-09-27,Deep Work Block,Partial,7.4,49,5.1,7,14,89.1
2024-09-27,Hydration & Nutrition Tracking,Completed,8.1,10,7.4,6,80,74.5
2024-09-28,Meditation & Mindfulness,Completed,9.3,41,7.0,6,51,79.3
2024-09-29,Evening Journaling,Completed,6.0,0,10.1,6,41,50.8
2024-09-30,Meditation & Mindfulness,Partial,9.5,45,8.7,5,10,51.5
2024-09-30,Morning Workout / Exercise,Completed,8.0,0,5.1,11,66,84.7
2024-10-01,Deep Work Block,Completed,7.9,43,4.9,7,56,99.5
2024-10-02,Hydration & Nutrition Tracking,Completed,5.5,10,4.8,3,64,67.0
2024-10-02,Daily Reading,Partial,6.2,0,4.6,5,27,66.8
2024-10-03,Language Learning,Completed,5.6,46,4.0,6,63,92.7
2024-10-04,Evening Journaling,Completed,7.4,56,8.2,8,33,87.9
2024-10-04,Language Learning,Completed,5.2,0,3.9,2,78,60.6
2024-10-05,Evening Journaling,Completed,7.7,0,2.6,6,24,69.2
2024-10-06,Evening Journaling,Completed,7.5,42,7.0,3,89,86.9
2024-10-07,Hydration & Nutrition Tracking,Partial,9.0,55,5.6,7,21,70.5
2024-10-07,Language Learning,Completed,7.2,50,2.6,5,53,99.5
2024-10-08,Hydration & Nutrition Tracking,Partial,6.4,18,5.5,10,10,76.0
2024-10-09,Deep Work Block,Completed,6.9,24,6.5,3,66,77.2
2024-10-09,Coding Practice,Partial,5.1,0,2.7,11,31,68.8
2024-10-10,Coding Practice,Completed,8.4,0,8.8,5,44,53.5
2024-10-11,Daily Reading,Completed,7.1,0,6.6,8,33,70.7
2024-10-11,Morning Workout / Exercise,Completed,7.6,36,7.5,3,64,80.1
2024-10-12,Language Learning,Completed,5.9,0,5.2,3,37,47.7
2024-10-13,Language Learning,Completed,8.1,37,4.6,1,41,75.0
2024-10-14,Daily Reading,Completed,4.6,0,6.7,5,88,56.5
2024-10-14,Language Learning,Completed,9.1,0,4.2,6,46,66.9
2024-10-15,Coding Practice,Missed,7.9,15,3.8,8,11,76.9
2024-10-16,Evening Journaling,Partial,7.6,46,4.5,10,13,93.4
2024-10-16,Morning Workout / Exercise,Completed,7.0,60,4.5,12,57,99.5
2024-10-17,Morning Workout / Exercise,Completed,4.9,31,6.6,6,63,76.1
2024-10-18,Meditation & Mindfulness,Completed,8.6,34,2.8,2,54,81.4
2024-10-18,Language Learning,Completed,7.9,29,7.4,8,88,99.5
2024-10-19,Meditation & Mindfulness,Completed,8.2,50,5.7,9,29,88.5
2024-10-20,Coding Practice,Completed,8.0,22,8.0,8,54,85.0
2024-10-21,Deep Work Block,Completed,5.0,36,8.0,8,77,80.7
2024-10-21,Morning Workout / Exercise,Completed,9.2,67,9.3,4,55,69.7
2024-10-22,Coding Practice,Partial,6.3,40,5.6,2,33,67.9
2024-10-23,Coding Practice,Completed,8.4,0,4.2,4,78,78.6
2024-10-23,Coding Practice,Completed,7.3,34,6.2,5,53,91.4
2024-10-24,Meditation & Mindfulness,Completed,7.0,22,5.1,7,29,79.8
2024-10-25,Coding Practice,Completed,8.7,42,4.8,3,32,73.4
2024-10-25,Evening Journaling,Completed,7.2,42,8.1,7,30,78.9
2024-10-26,Deep Work Block,Completed,7.5,57,8.2,4,39,79.5
2024-10-27,Meditation & Mindfulness,Partial,7.8,44,7.1,10,20,80.6
2024-10-28,Hydration & Nutrition Tracking,Partial,6.4,25,2.5,6,14,68.2
2024-10-28,Deep Work Block,Completed,8.5,0,9.9,9,64,68.9
2024-10-29,Evening Journaling,Completed,6.6,20,6.6,6,63,80.2
2024-10-30,Daily Reading,Missed,8.5,0,5.1,6,13,62.2
2024-10-30,Deep Work Block,Missed,7.9,41,4.0,2,17,70.8
2024-10-31,Morning Workout / Exercise,Completed,7.1,0,6.4,6,20,62.9
2024-11-01,Deep Work Block,Completed,6.1,0,6.4,6,38,69.4
2024-11-01,Morning Workout / Exercise,Completed,7.6,0,6.0,12,44,76.1
2024-11-02,Meditation & Mindfulness,Completed,8.8,0,5.4,6,85,78.2
2024-11-03,Meditation & Mindfulness,Completed,8.3,42,7.8,5,38,76.3
2024-11-04,Daily Reading,Completed,6.9,32,7.7,6,82,80.8
2024-11-04,Language Learning,Missed,7.8,64,5.7,4,15,76.4
2024-11-05,Morning Workout / Exercise,Completed,7.9,19,8.6,2,52,65.3
2024-11-06,Morning Workout / Exercise,Completed,7.4,46,4.6,5,94,99.5
2024-11-06,Hydration & Nutrition Tracking,Completed,7.0,33,6.5,7,46,91.2
2024-11-07,Daily Reading,Partial,5.2,57,8.1,7,37,74.6
2024-11-08,Deep Work Block,Completed,7.8,0,5.1,5,54,75.6
2024-11-08,Coding Practice,Completed,7.2,40,8.7,8,32,83.9
2024-11-09,Language Learning,Completed,6.3,47,3.2,9,48,98.5
2024-11-10,Language Learning,Completed,6.5,0,6.0,4,75,68.2
2024-11-11,Meditation & Mindfulness,Completed,7.9,47,1.0,9,73,99.5
2024-11-11,Evening Journaling,Completed,5.4,40,7.6,1,78,65.5
2024-11-12,Daily Reading,Partial,9.2,19,6.8,6,24,57.2
2024-11-13,Hydration & Nutrition Tracking,Completed,7.7,28,3.3,13,37,91.8
2024-11-13,Daily Reading,Partial,8.5,17,5.7,10,38,84.7
2024-11-14,Coding Practice,Completed,6.5,57,8.9,2,63,71.6
2024-11-15,Hydration & Nutrition Tracking,Completed,6.6,75,7.8,11,58,94.3
2024-11-15,Daily Reading,Completed,6.6,16,1.1,5,77,78.4
2024-11-16,Language Learning,Completed,6.0,48,4.8,8,43,96.0
2024-11-17,Daily Reading,Completed,7.9,70,7.0,10,32,91.6
2024-11-18,Hydration & Nutrition Tracking,Missed,7.4,0,5.1,4,5,53.6
2024-11-18,Coding Practice,Completed,7.6,21,5.7,8,97,99.5
2024-11-19,Coding Practice,Completed,4.4,18,5.8,2,71,57.9
2024-11-20,Deep Work Block,Partial,7.7,15,6.3,4,18,58.6
2024-11-20,Hydration & Nutrition Tracking,Completed,6.0,48,4.3,8,73,99.5
2024-11-21,Hydration & Nutrition Tracking,Partial,7.2,0,8.2,9,23,68.0
2024-11-22,Meditation & Mindfulness,Partial,7.3,0,5.9,4,31,62.8
2024-11-22,Language Learning,Completed,6.2,23,4.5,11,55,96.6
2024-11-23,Meditation & Mindfulness,Completed,6.3,41,6.9,2,27,58.4
2024-11-24,Language Learning,Completed,6.2,47,8.7,6,25,66.5
2024-11-25,Coding Practice,Completed,5.2,52,5.9,7,63,87.7
2024-11-25,Daily Reading,Partial,8.4,0,5.6,7,20,63.7
2024-11-26,Language Learning,Completed,6.8,83,4.5,8,46,99.5
2024-11-27,Language Learning,Completed,7.4,0,9.8,8,42,67.8
2024-11-27,Evening Journaling,Completed,7.6,30,7.0,8,66,99.0
2024-11-28,Evening Journaling,Completed,7.4,36,5.9,6,51,98.3
2024-11-29,Meditation & Mindfulness,Completed,7.1,57,8.4,10,20,81.0
2024-11-29,Evening Journaling,Partial,5.1,27,6.4,7,34,65.2
2024-11-30,Deep Work Block,Completed,8.7,0,3.0,8,44,79.0
2024-12-01,Daily Reading,Completed,5.7,0,7.2,6,61,63.4
2024-12-02,Evening Journaling,Missed,8.7,41,2.8,5,8,69.9
2024-12-02,Evening Journaling,Completed,7.2,0,6.2,5,23,66.4
2024-12-03,Hydration & Nutrition Tracking,Completed,7.7,0,7.4,7,65,76.7
2024-12-04,Deep Work Block,Completed,8.4,29,5.5,5,28,70.9
2024-12-04,Coding Practice,Partial,7.8,21,7.2,3,36,63.7
2024-12-05,Daily Reading,Completed,7.1,36,5.0,5,76,99.5
2024-12-06,Morning Workout / Exercise,Partial,6.5,36,5.9,5,25,71.1
2024-12-06,Language Learning,Partial,8.3,0,6.2,6,15,61.6
2024-12-07,Daily Reading,Completed,5.7,40,4.2,1,60,79.6
2024-12-08,Deep Work Block,Missed,7.0,32,4.1,5,8,73.7
2024-12-09,Evening Journaling,Completed,7.1,14,5.5,3,25,61.2
2024-12-09,Meditation & Mindfulness,Partial,6.5,21,3.3,2,12,55.2
2024-12-10,Daily Reading,Partial,6.9,13,4.0,10,17,79.8
2024-12-11,Morning Workout / Exercise,Completed,5.8,0,2.6,6,63,77.3
2024-12-11,Hydration & Nutrition Tracking,Completed,7.1,80,6.1,1,20,65.8
2024-12-12,Hydration & Nutrition Tracking,Completed,8.6,59,6.7,5,44,85.2
2024-12-13,Language Learning,Completed,5.6,47,9.2,5,24,59.0
2024-12-13,Daily Reading,Completed,7.4,20,8.3,5,65,83.6
2024-12-14,Morning Workout / Exercise,Completed,7.0,14,5.1,4,52,81.1
2024-12-15,Deep Work Block,Completed,7.5,0,4.5,6,45,78.5
2024-12-16,Deep Work Block,Completed,6.8,0,7.7,5,76,68.2
2024-12-16,Coding Practice,Completed,6.1,56,6.0,10,103,98.1
2024-12-17,Hydration & Nutrition Tracking,Completed,6.7,0,5.8,6,88,83.4
2024-12-18,Meditation & Mindfulness,Completed,6.9,0,2.8,7,58,79.7
2024-12-18,Meditation & Mindfulness,Completed,6.2,10,6.7,2,41,55.1
2024-12-19,Morning Workout / Exercise,Completed,7.9,40,6.8,8,67,99.5
2024-12-20,Deep Work Block,Completed,8.4,0,8.2,1,100,47.0
2024-12-20,Meditation & Mindfulness,Completed,7.5,0,8.7,9,38,65.9
2024-12-21,Meditation & Mindfulness,Completed,7.1,60,6.6,12,68,99.5
2024-12-22,Hydration & Nutrition Tracking,Completed,8.6,0,7.2,3,58,62.4
2024-12-23,Meditation & Mindfulness,Partial,7.2,51,5.3,9,29,96.5
2024-12-23,Coding Practice,Completed,8.3,28,4.7,1,46,72.1
2024-12-24,Daily Reading,Partial,6.9,25,7.2,5,33,72.3
2024-12-25,Deep Work Block,Completed,6.6,0,4.7,8,20,72.6
2024-12-25,Daily Reading,Completed,8.2,20,6.9,6,37,75.4
2024-12-26,Deep Work Block,Completed,7.8,30,3.8,7,56,99.5
2024-12-27,Deep Work Block,Partial,7.4,0,5.5,1,10,41.4
2024-12-27,Meditation & Mindfulness,Completed,7.8,0,4.8,6,38,72.5
2024-12-28,Hydration & Nutrition Tracking,Partial,9.3,0,3.1,4,32,57.3
2024-12-29,Hydration & Nutrition Tracking,Completed,7.9,0,5.4,10,62,86.0
2024-12-30,Evening Journaling,Completed,7.2,0,5.2,2,84,67.5
2024-12-30,Meditation & Mindfulness,Completed,6.7,0,6.9,10,55,79.2
2024-12-31,Daily Reading,Partial,6.5,10,3.6,7,42,80.3
2025-01-01,Meditation & Mindfulness,Completed,6.3,10,7.2,4,48,58.7
2025-01-01,Meditation & Mindfulness,Missed,6.9,50,10.7,6,5,60.2
2025-01-02,Coding Practice,Completed,8.1,20,3.7,8,54,99.5
2025-01-03,Hydration & Nutrition Tracking,Completed,9.6,0,4.1,6,62,73.3
2025-01-03,Meditation & Mindfulness,Missed,8.7,0,2.9,7,10,58.3
2025-01-04,Evening Journaling,Partial,7.4,40,3.6,8,16,90.5
2025-01-05,Language Learning,Completed,5.9,51,7.8,4,43,69.4
2025-01-06,Daily Reading,Partial,9.0,37,6.0,5,10,62.0
2025-01-06,Daily Reading,Completed,7.7,68,2.4,9,50,99.5
2025-01-07,Coding Practice,Completed,7.3,0,4.7,1,93,62.9
2025-01-08,Language Learning,Partial,7.9,27,5.5,4,15,63.1
2025-01-08,Meditation & Mindfulness,Missed,7.1,31,7.0,3,14,60.6
2025-01-09,Daily Reading,Missed,6.5,18,8.6,2,18,40.2
2025-01-10,Morning Workout / Exercise,Missed,6.4,20,4.4,7,18,77.6
2025-01-10,Morning Workout / Exercise,Completed,6.2,70,6.0,1,49,70.0
2025-01-11,Language Learning,Partial,7.4,10,1.9,5,42,81.0
2025-01-12,Daily Reading,Completed,4.6,28,4.9,7,53,82.6
2025-01-13,Deep Work Block,Completed,6.9,0,6.6,4,22,56.9
2025-01-13,Daily Reading,Completed,7.2,0,5.1,4,51,77.3
2025-01-14,Language Learning,Completed,7.0,25,5.8,5,47,80.8
2025-01-15,Morning Workout / Exercise,Completed,6.1,0,7.6,5,62,71.1
2025-01-15,Coding Practice,Completed,6.4,20,6.1,9,94,90.7
2025-01-16,Deep Work Block,Partial,5.4,50,6.1,6,30,68.3
2025-01-17,Meditation & Mindfulness,Completed,6.8,43,5.6,7,72,99.5
2025-01-17,Daily Reading,Completed,7.6,0,6.7,1,37,46.8
2025-01-18,Hydration & Nutrition Tracking,Partial,9.2,33,4.4,3,30,70.6
2025-01-19,Daily Reading,Missed,7.3,0,6.8,5,5,55.2
2025-01-20,Language Learning,Partial,8.2,46,5.2,5,22,78.6
2025-01-20,Daily Reading,Completed,6.9,27,6.7,2,31,65.5
2025-01-21,Evening Journaling,Completed,6.8,27,7.8,4,66,72.6
2025-01-22,Daily Reading,Completed,8.1,10,6.9,6,64,83.0
2025-01-22,Coding Practice,Missed,7.4,20,5.3,7,5,71.4
2025-01-23,Daily Reading,Missed,7.6,0,7.2,5,9,54.1
2025-01-24,Meditation & Mindfulness,Completed,6.6,0,4.4,5,50,72.2
2025-01-24,Language Learning,Completed,7.5,19,4.7,3,20,68.3
2025-01-25,Meditation & Mindfulness,Completed,7.3,0,5.2,9,50,86.9
2025-01-26,Morning Workout / Exercise,Completed,6.3,50,3.1,5,79,89.8
2025-01-27,Evening Journaling,Partial,7.5,29,7.2,8,25,83.0
2025-01-27,Hydration & Nutrition Tracking,Completed,6.5,0,7.1,3,37,55.8
2025-01-28,Meditation & Mindfulness,Partial,7.2,0,3.8,7,31,72.6
2025-01-29,Morning Workout / Exercise,Completed,5.3,21,4.4,9,43,84.7
2025-01-29,Morning Workout / Exercise,Missed,8.5,82,3.4,1,10,54.8
2025-01-30,Coding Practice,Partial,9.3,56,2.3,6,25,75.4
2025-01-31,Deep Work Block,Completed,9.3,10,3.6,6,73,73.8
2025-01-31,Coding Practice,Partial,6.7,43,6.3,9,19,92.4
2025-02-01,Language Learning,Completed,7.2,58,5.0,2,58,84.6
2025-02-02,Morning Workout / Exercise,Partial,4.6,0,9.5,8,28,44.9
2025-02-03,Daily Reading,Completed,8.4,32,3.2,9,46,96.8
2025-02-03,Evening Journaling,Completed,7.7,53,3.4,4,35,91.9
2025-02-04,Hydration & Nutrition Tracking,Completed,8.2,51,6.4,13,76,99.5
2025-02-05,Daily Reading,Completed,6.4,0,7.7,5,47,65.7
2025-02-05,Hydration & Nutrition Tracking,Partial,8.8,34,4.6,2,22,64.0
2025-02-06,Evening Journaling,Completed,4.8,31,8.1,8,36,62.9
2025-02-07,Coding Practice,Completed,7.7,25,5.8,7,62,98.5
2025-02-07,Morning Workout / Exercise,Completed,8.5,33,6.4,2,50,73.3
2025-02-08,Deep Work Block,Completed,9.1,52,7.0,7,47,81.3
2025-02-09,Language Learning,Completed,7.3,27,3.7,3,23,73.7
2025-02-10,Morning Workout / Exercise,Completed,8.0,28,7.0,7,32,83.1
2025-02-10,Morning Workout / Exercise,Completed,8.1,45,3.7,7,92,99.5
2025-02-11,Morning Workout / Exercise,Completed,8.4,47,7.0,6,45,85.8
2025-02-12,Hydration & Nutrition Tracking,Completed,7.8,0,4.3,6,23,71.4
2025-02-12,Meditation & Mindfulness,Completed,6.6,0,4.3,8,58,91.0
2025-02-13,Morning Workout / Exercise,Completed,6.3,57,6.2,6,34,78.5
2025-02-14,Morning Workout / Exercise,Completed,7.0,60,5.4,7,28,93.1
2025-02-14,Meditation & Mindfulness,Completed,7.4,44,4.7,4,51,91.2
2025-02-15,Deep Work Block,Completed,5.7,10,6.1,9,51,76.4
2025-02-16,Morning Workout / Exercise,Completed,7.7,75,7.7,10,74,99.5
2025-02-17,Language Learning,Completed,5.2,0,4.2,6,50,63.2
2025-02-17,Morning Workout / Exercise,Completed,8.0,41,5.3,5,70,92.0
2025-02-18,Language Learning,Completed,9.3,35,4.2,8,28,88.1
2025-02-19,Coding Practice,Missed,7.1,20,7.4,10,5,68.9
2025-02-19,Evening Journaling,Missed,6.9,34,6.1,6,7,70.1
2025-02-20,Deep Work Block,Missed,6.4,64,5.8,5,8,72.5
2025-02-21,Deep Work Block,Completed,6.6,0,3.2,1,92,62.8
2025-02-21,Language Learning,Missed,6.6,0,7.3,8,10,62.2
2025-02-22,Morning Workout / Exercise,Completed,7.2,38,8.8,7,34,83.5
2025-02-23,Coding Practice,Partial,7.6,34,7.5,10,38,85.9
2025-02-24,Evening Journaling,Completed,6.9,30,2.7,3,45,82.2
2025-02-24,Language Learning,Missed,7.5,33,7.7,5,12,63.1
2025-02-25,Evening Journaling,Completed,9.7,26,6.6,5,66,72.1
2025-02-26,Evening Journaling,Completed,7.4,0,7.8,7,24,62.1
2025-02-26,Hydration & Nutrition Tracking,Completed,6.5,39,5.9,11,33,88.5
2025-02-27,Morning Workout / Exercise,Missed,7.0,63,5.4,13,9,82.2
2025-02-28,Hydration & Nutrition Tracking,Completed,7.0,60,6.1,7,52,99.5
2025-02-28,Evening Journaling,Completed,6.2,75,4.8,5,69,92.9
2025-03-01,Daily Reading,Missed,6.9,0,4.1,5,14,65.2
2025-03-02,Morning Workout / Exercise,Missed,8.1,0,3.5,8,14,74.1
2025-03-03,Daily Reading,Completed,6.2,34,5.7,5,58,79.3
2025-03-03,Daily Reading,Partial,6.5,24,3.2,5,24,73.1
2025-03-04,Morning Workout / Exercise,Completed,7.5,36,6.4,4,60,92.2
2025-03-05,Hydration & Nutrition Tracking,Partial,7.8,35,5.6,10,29,93.6
2025-03-05,Evening Journaling,Completed,5.0,57,4.6,2,55,73.5
2025-03-06,Daily Reading,Completed,7.2,33,7.6,7,55,89.8
2025-03-07,Hydration & Nutrition Tracking,Partial,7.8,0,7.6,4,31,58.4
2025-03-07,Deep Work Block,Completed,6.6,18,6.4,6,66,83.1
2025-03-08,Hydration & Nutrition Tracking,Completed,6.5,0,6.9,6,68,69.0
2025-03-09,Deep Work Block,Completed,9.4,0,9.4,9,49,58.9
2025-03-10,Language Learning,Completed,6.8,0,5.9,6,43,71.5
2025-03-10,Hydration & Nutrition Tracking,Completed,7.9,0,6.5,7,75,80.7
2025-03-11,Evening Journaling,Completed,6.1,42,7.8,1,46,61.6
2025-03-12,Coding Practice,Partial,4.8,18,1.0,7,27,60.3
2025-03-12,Hydration & Nutrition Tracking,Partial,6.1,41,7.2,12,37,85.0
2025-03-13,Hydration & Nutrition Tracking,Completed,6.9,37,5.6,11,91,99.5
2025-03-14,Morning Workout / Exercise,Completed,5.0,37,3.4,8,36,84.4
2025-03-14,Coding Practice,Completed,6.6,51,2.4,8,38,99.5
2025-03-15,Coding Practice,Partial,6.9,27,4.3,6,10,72.7
2025-03-16,Evening Journaling,Missed,6.8,50,5.4,2,11,67.5
2025-03-17,Evening Journaling,Completed,8.6,12,6.0,5,37,66.8
2025-03-17,Language Learning,Completed,7.3,29,4.4,9,41,95.7
2025-03-18,Morning Workout / Exercise,Completed,7.3,26,6.4,6,78,92.3
2025-03-19,Evening Journaling,Partial,7.2,38,3.5,12,22,94.3
2025-03-19,Meditation & Mindfulness,Completed,7.9,74,5.9,8,39,99.5
2025-03-20,Evening Journaling,Completed,7.2,36,2.8,6,54,99.4
2025-03-21,Evening Journaling,Completed,6.6,0,6.1,8,79,79.8
2025-03-21,Hydration & Nutrition Tracking,Completed,6.5,0,7.5,7,39,69.1
2025-03-22,Language Learning,Completed,7.9,38,7.5,8,39,89.7
2025-03-23,Coding Practice,Completed,8.1,0,3.9,6,21,63.0
2025-03-24,Hydration & Nutrition Tracking,Completed,7.4,10,3.7,2,45,74.2
2025-03-24,Language Learning,Completed,6.6,61,6.0,8,46,93.5
2025-03-25,Meditation & Mindfulness,Completed,6.1,10,3.8,8,69,86.4
2025-03-26,Deep Work Block,Partial,5.9,44,5.0,7,12,77.1
2025-03-26,Evening Journaling,Completed,6.9,0,4.2,7,66,93.7
2025-03-27,Hydration & Nutrition Tracking,Missed,4.3,45,5.8,5,7,49.4
2025-03-28,Deep Work Block,Completed,8.6,48,8.1,9,61,99.4
2025-03-28,Evening Journaling,Partial,7.4,43,3.3,6,35,95.3
2025-03-29,Evening Journaling,Partial,7.8,18,7.7,9,35,78.9
2025-03-30,Evening Journaling,Completed,7.2,28,8.2,1,35,57.2
2025-03-30,Meditation & Mindfulness,Partial,4.7,69,5.6,3,12,53.4
2025-03-31,Morning Workout / Exercise,Completed,5.7,0,6.1,12,20,62.3
2025-04-01,Coding Practice,Completed,5.8,58,5.2,7,53,94.6
2025-04-02,Meditation & Mindfulness,Completed,8.1,0,4.3,6,27,66.0
2025-04-02,Hydration & Nutrition Tracking,Completed,6.3,46,6.6,5,75,84.1
2025-04-03,Evening Journaling,Completed,8.2,39,4.9,1,95,80.2
2025-04-04,Meditation & Mindfulness,Partial,7.6,77,7.1,8,18,87.9
2025-04-04,Deep Work Block,Partial,9.7,47,5.5,7,34,79.6
2025-04-05,Daily Reading,Partial,7.2,42,5.8,8,19,96.5
2025-04-06,Meditation & Mindfulness,Partial,6.2,10,5.8,9,23,72.7
2025-04-06,Hydration & Nutrition Tracking,Completed,7.6,43,9.6,6,47,86.3
2025-04-07,Language Learning,Completed,6.3,15,5.0,1,30,53.1
2025-04-08,Evening Journaling,Completed,7.4,30,4.2,4,58,89.3
2025-04-09,Deep Work Block,Completed,8.8,41,6.0,6,75,92.4
2025-04-09,Hydration & Nutrition Tracking,Completed,8.8,44,7.0,4,72,77.7
2025-04-10,Hydration & Nutrition Tracking,Completed,7.8,24,5.8,9,58,99.5
2025-04-11,Language Learning,Completed,6.9,51,3.9,11,52,99.5
2025-04-11,Coding Practice,Missed,8.3,56,6.7,7,10,78.4
2025-04-12,Hydration & Nutrition Tracking,Completed,7.4,53,7.5,2,81,82.7
2025-04-13,Evening Journaling,Completed,7.1,15,2.4,8,85,96.2
2025-04-13,Deep Work Block,Completed,5.4,34,7.4,6,31,65.7
2025-04-14,Language Learning,Completed,7.7,0,6.1,6,63,83.4
2025-04-15,Language Learning,Completed,8.7,0,7.1,10,60,75.6
2025-04-16,Hydration & Nutrition Tracking,Completed,9.7,0,5.0,9,58,80.9
2025-04-16,Coding Practice,Completed,6.0,25,5.8,9,57,88.6
2025-04-17,Meditation & Mindfulness,Completed,7.2,0,2.6,6,113,84.7
2025-04-18,Deep Work Block,Completed,6.0,19,4.2,8,47,93.2
2025-04-18,Morning Workout / Exercise,Completed,8.8,0,8.3,4,20,44.6
2025-04-19,Deep Work Block,Partial,5.1,0,9.5,7,25,44.4
2025-04-20,Daily Reading,Partial,7.0,31,6.2,4,42,74.5
2025-04-20,Morning Workout / Exercise,Completed,7.2,47,4.2,5,102,99.5
2025-04-21,Meditation & Mindfulness,Completed,7.0,56,10.2,2,79,69.3
2025-04-22,Morning Workout / Exercise,Completed,8.7,41,6.2,5,57,87.4
2025-04-23,Deep Work Block,Completed,9.4,70,5.8,5,36,85.9
2025-04-23,Meditation & Mindfulness,Missed,6.0,34,4.8,5,18,70.3
2025-04-24,Hydration & Nutrition Tracking,Completed,8.6,50,5.3,4,58,94.0
2025-04-25,Daily Reading,Completed,6.9,37,4.2,8,36,92.4
2025-04-25,Morning Workout / Exercise,Completed,6.9,0,5.0,2,38,53.3
2025-04-26,Morning Workout / Exercise,Partial,5.0,53,8.1,5,20,55.9
2025-04-27,Meditation & Mindfulness,Partial,8.4,0,4.8,7,34,74.2
2025-04-27,Evening Journaling,Completed,5.4,89,8.7,2,39,50.4
2025-04-28,Morning Workout / Exercise,Partial,7.9,0,7.6,7,41,71.1
2025-04-29,Daily Reading,Completed,5.5,64,4.9,2,62,78.3
2025-04-30,Meditation & Mindfulness,Completed,8.0,0,6.3,8,35,75.7
2025-04-30,Deep Work Block,Completed,7.5,34,2.9,8,59,99.5
2025-05-01,Hydration & Nutrition Tracking,Completed,7.7,0,4.6,5,24,66.2
2025-05-02,Deep Work Block,Completed,7.7,21,3.8,6,69,97.7
2025-05-02,Daily Reading,Partial,7.4,37,2.9,4,10,76.8
2025-05-03,Language Learning,Completed,6.4,36,4.6,6,55,94.8
2025-05-04,Morning Workout / Exercise,Missed,7.7,32,3.9,7,5,79.2
2025-05-04,Morning Workout / Exercise,Completed,8.1,0,2.7,10,20,68.7
2025-05-05,Meditation & Mindfulness,Partial,7.9,45,6.4,9,26,88.4
2025-05-06,Deep Work Block,Partial,5.4,31,5.2,6,16,60.4
2025-05-07,Hydration & Nutrition Tracking,Completed,8.7,29,8.7,3,32,50.4
2025-05-07,Meditation & Mindfulness,Completed,7.1,60,6.5,8,71,99.5
2025-05-08,Deep Work Block,Completed,7.3,38,4.2,5,34,84.6
2025-05-09,Meditation & Mindfulness,Completed,7.6,55,7.4,1,58,75.3
2025-05-09,Hydration & Nutrition Tracking,Completed,8.2,0,6.0,6,26,65.9
2025-05-10,Evening Journaling,Completed,5.8,27,4.8,8,67,90.7
2025-05-11,Deep Work Block,Completed,7.8,39,6.2,4,73,87.8
2025-05-11,Deep Work Block,Completed,7.1,13,5.9,4,53,79.4
2025-05-12,Daily Reading,Completed,7.0,10,4.4,2,41,63.3
2025-05-13,Meditation & Mindfulness,Completed,8.0,51,7.3,4,70,85.8
2025-05-14,Meditation & Mindfulness,Missed,6.5,26,5.1,3,11,60.8
2025-05-14,Language Learning,Partial,7.0,41,6.0,9,13,90.2
2025-05-15,Deep Work Block,Partial,5.6,0,7.8,3,22,35.2
2025-05-16,Morning Workout / Exercise,Completed,7.9,23,7.7,8,101,93.4
2025-05-16,Coding Practice,Completed,6.8,10,3.5,8,20,81.9
2025-05-17,Daily Reading,Completed,8.3,34,7.7,8,60,92.2
2025-05-18,Language Learning,Completed,8.4,35,4.6,1,86,80.0
2025-05-18,Coding Practice,Completed,7.8,70,5.9,3,32,81.2
2025-05-19,Hydration & Nutrition Tracking,Completed,7.1,0,4.4,4,90,80.1
2025-05-20,Daily Reading,Partial,6.6,49,2.9,3,15,76.5
2025-05-21,Language Learning,Completed,6.5,23,4.3,4,77,83.1
2025-05-21,Deep Work Block,Missed,8.0,22,6.6,8,6,70.8
2025-05-22,Meditation & Mindfulness,Missed,6.0,31,7.0,2,5,51.4
2025-05-23,Meditation & Mindfulness,Missed,6.7,49,5.1,6,15,83.3
2025-05-23,Coding Practice,Completed,8.4,37,5.7,8,34,89.9
2025-05-24,Deep Work Block,Completed,4.9,60,9.4,4,20,45.5
2025-05-25,Evening Journaling,Completed,6.8,31,9.4,3,55,63.0
2025-05-25,Deep Work Block,Completed,7.0,38,4.0,1,68,90.8
2025-05-26,Coding Practice,Completed,7.4,0,6.7,9,20,71.4
2025-05-27,Evening Journaling,Completed,6.9,35,2.2,7,96,99.5
2025-05-28,Daily Reading,Completed,7.0,41,5.1,8,58,99.5
2025-05-28,Evening Journaling,Completed,6.0,0,3.5,6,61,77.5
2025-05-29,Evening Journaling,Completed,7.1,15,6.4,8,38,84.3
2025-05-30,Daily Reading,Completed,10.0,0,4.0,10,83,77.2
2025-05-30,Hydration & Nutrition Tracking,Completed,8.3,32,6.8,6,81,81.2
2025-05-31,Hydration & Nutrition Tracking,Partial,6.8,0,5.8,9,45,75.2
2025-06-01,Hydration & Nutrition Tracking,Partial,5.4,0,5.3,9,24,67.0
2025-06-02,Daily Reading,Completed,6.5,27,9.5,2,35,48.9
2025-06-02,Deep Work Block,Missed,5.0,38,1.5,9,20,81.9
2025-06-03,Hydration & Nutrition Tracking,Partial,4.0,22,4.5,2,22,44.2
2025-06-04,Language Learning,Completed,8.7,0,4.8,2,80,61.1
2025-06-04,Evening Journaling,Missed,7.6,0,6.7,6,8,57.2
2025-06-05,Meditation & Mindfulness,Completed,7.7,35,5.8,5,53,83.3
2025-06-06,Meditation & Mindfulness,Completed,7.8,47,4.6,6,48,99.5
2025-06-06,Coding Practice,Completed,7.8,45,5.0,7,49,99.5
2025-06-07,Meditation & Mindfulness,Missed,5.1,55,4.8,2,5,50.4
2025-06-08,Daily Reading,Completed,7.4,13,3.8,6,61,92.4
2025-06-09,Morning Workout / Exercise,Completed,6.8,30,6.1,9,57,96.7
2025-06-09,Meditation & Mindfulness,Partial,7.9,0,5.8,4,24,53.3
2025-06-10,Hydration & Nutrition Tracking,Missed,7.8,59,8.5,3,9,58.1
2025-06-11,Daily Reading,Completed,7.2,47,4.7,6,40,99.5
2025-06-11,Evening Journaling,Partial,7.8,13,6.8,5,33,72.4
2025-06-12,Language Learning,Completed,5.6,44,5.9,8,30,81.2
2025-06-13,Language Learning,Missed,7.2,17,4.1,1,17,59.9
2025-06-13,Evening Journaling,Missed,6.9,36,3.5,6,11,81.2
2025-06-14,Deep Work Block,Completed,5.8,29,6.0,6,35,72.7
2025-06-15,Daily Reading,Completed,6.3,42,1.4,8,38,96.5
2025-06-16,Hydration & Nutrition Tracking,Completed,7.8,46,3.2,8,81,99.5
2025-06-16,Language Learning,Completed,7.4,62,6.4,8,68,99.5
2025-06-17,Coding Practice,Completed,7.6,85,4.8,5,52,95.7
2025-06-18,Hydration & Nutrition Tracking,Completed,7.1,61,4.1,5,59,98.8
2025-06-18,Evening Journaling,Completed,7.8,0,3.9,9,106,94.0
2025-06-19,Deep Work Block,Completed,7.9,0,5.5,7,40,73.3
2025-06-20,Hydration & Nutrition Tracking,Missed,6.9,65,6.6,8,11,81.7
2025-06-20,Language Learning,Completed,5.4,29,3.1,10,40,81.6
2025-06-21,Deep Work Block,Partial,6.7,39,7.7,6,28,75.8
2025-06-22,Language Learning,Completed,7.2,57,9.6,6,20,68.5
2025-06-23,Morning Workout / Exercise,Partial,7.4,0,5.0,6,27,68.2
2025-06-23,Meditation & Mindfulness,Partial,7.8,0,7.0,3,37,56.3
2025-06-24,Deep Work Block,Completed,6.5,50,6.7,5,28,76.5
2025-06-25,Evening Journaling,Missed,8.5,45,7.1,4,9,60.6
2025-06-25,Deep Work Block,Completed,8.0,53,5.4,9,40,94.8
2025-06-26,Deep Work Block,Completed,8.6,38,4.7,9,21,81.9
2025-06-27,Deep Work Block,Partial,6.7,63,5.7,7,16,83.8
2025-06-27,Morning Workout / Exercise,Completed,6.7,74,3.4,5,119,99.5
2025-06-28,Morning Workout / Exercise,Partial,7.3,32,4.4,2,35,73.2
2025-06-29,Deep Work Block,Partial,7.1,31,6.6,4,41,77.8
2025-06-30,Evening Journaling,Completed,6.4,62,7.9,9,20,77.8
2025-06-30,Evening Journaling,Partial,6.3,0,5.9,7,32,69.4
2025-07-01,Morning Workout / Exercise,Partial,5.9,45,6.8,6,27,68.7
2025-07-02,Evening Journaling,Missed,8.1,32,2.9,9,5,81.8
2025-07-02,Evening Journaling,Completed,7.7,0,4.3,9,34,87.9
2025-07-03,Deep Work Block,Completed,7.5,45,2.9,8,52,99.5
2025-07-04,Hydration & Nutrition Tracking,Completed,8.2,40,5.6,5,68,90.0
2025-07-04,Deep Work Block,Completed,6.5,19,7.3,8,74,90.8
2025-07-05,Hydration & Nutrition Tracking,Completed,7.7,50,3.9,3,53,92.0
2025-07-06,Hydration & Nutrition Tracking,Partial,6.8,53,7.6,6,42,93.9
2025-07-07,Morning Workout / Exercise,Missed,5.2,41,8.4,11,9,67.9
2025-07-07,Morning Workout / Exercise,Partial,6.0,18,6.8,2,26,49.2
2025-07-08,Daily Reading,Partial,6.9,46,9.1,7,19,77.7
2025-07-09,Coding Practice,Partial,8.5,0,6.0,3,18,43.7
2025-07-09,Hydration & Nutrition Tracking,Completed,7.1,44,4.1,6,42,99.3
2025-07-10,Coding Practice,Completed,7.3,39,7.1,3,56,82.2
2025-07-11,Hydration & Nutrition Tracking,Completed,6.4,16,6.3,4,62,69.7
2025-07-11,Meditation & Mindfulness,Partial,4.9,20,6.6,4,28,44.3
2025-07-12,Hydration & Nutrition Tracking,Completed,6.7,59,9.5,8,57,95.7
2025-07-13,Daily Reading,Completed,7.4,71,5.9,4,32,86.5
2025-07-14,Daily Reading,Completed,6.6,12,7.4,3,72,62.3
2025-07-14,Coding Practice,Missed,5.5,0,8.2,12,8,41.1
2025-07-15,Daily Reading,Missed,6.7,31,4.0,7,14,77.9
2025-07-16,Hydration & Nutrition Tracking,Missed,6.4,0,5.2,8,12,64.1
2025-07-16,Evening Journaling,Completed,6.2,64,8.0,6,42,78.7
2025-07-17,Language Learning,Partial,7.9,50,2.3,3,21,85.0
2025-07-18,Coding Practice,Partial,6.2,11,4.9,4,28,64.0
2025-07-18,Evening Journaling,Partial,7.7,57,3.9,4,34,78.2
2025-07-19,Evening Journaling,Completed,7.0,33,7.5,1,83,65.3
2025-07-20,Morning Workout / Exercise,Completed,6.7,39,7.6,11,66,99.5
2025-07-21,Meditation & Mindfulness,Completed,5.9,38,4.2,5,112,86.7
2025-07-21,Morning Workout / Exercise,Completed,8.8,38,3.6,5,82,95.6
2025-07-22,Hydration & Nutrition Tracking,Missed,7.2,10,2.9,9,6,74.3
2025-07-23,Deep Work Block,Missed,9.0,0,5.0,9,15,63.7
2025-07-23,Coding Practice,Partial,9.2,25,5.3,10,45,83.5
2025-07-24,Coding Practice,Completed,6.3,0,6.8,4,64,65.3
2025-07-25,Hydration & Nutrition Tracking,Missed,7.9,0,4.0,6,19,70.5
2025-07-25,Deep Work Block,Completed,6.1,32,6.3,6,58,82.3
2025-07-26,Evening Journaling,Partial,8.1,24,7.0,6,23,69.3
2025-07-27,Hydration & Nutrition Tracking,Completed,7.2,0,7.4,6,58,77.6
2025-07-28,Language Learning,Completed,8.3,10,4.9,1,51,60.6
2025-07-28,Evening Journaling,Partial,8.1,24,4.2,4,21,67.1
2025-07-29,Meditation & Mindfulness,Completed,6.5,21,7.7,5,37,66.1
2025-07-30,Morning Workout / Exercise,Partial,6.5,15,6.9,9,32,82.6
2025-07-30,Morning Workout / Exercise,Partial,6.6,0,4.4,3,13,58.1
2025-07-31,Daily Reading,Completed,6.6,49,4.8,9,29,97.1
2025-08-01,Hydration & Nutrition Tracking,Partial,7.7,47,6.1,9,24,90.7
2025-08-01,Morning Workout / Exercise,Completed,6.7,0,9.1,6,51,62.0
2025-08-02,Hydration & Nutrition Tracking,Partial,7.3,46,3.8,8,20,96.3
2025-08-03,Language Learning,Completed,6.1,37,5.2,5,20,65.0
2025-08-04,Morning Workout / Exercise,Partial,9.3,0,3.6,4,41,60.6
2025-08-04,Morning Workout / Exercise,Completed,5.0,0,5.5,5,51,62.6
2025-08-05,Deep Work Block,Completed,8.6,24,4.4,3,42,67.8
2025-08-06,Evening Journaling,Missed,7.4,0,5.3,3,16,55.6
2025-08-06,Morning Workout / Exercise,Partial,7.7,35,5.7,7,30,84.5
2025-08-07,Morning Workout / Exercise,Completed,6.1,69,4.2,8,57,99.3
2025-08-08,Morning Workout / Exercise,Missed,7.2,0,5.6,8,7,67.0
2025-08-08,Meditation & Mindfulness,Completed,6.6,64,3.9,6,42,93.7
2025-08-09,Morning Workout / Exercise,Partial,7.8,29,5.6,10,29,87.8
2025-08-10,Daily Reading,Completed,6.4,61,6.0,5,65,87.8
2025-08-11,Daily Reading,Completed,8.9,12,1.0,7,57,84.9
2025-08-11,Hydration & Nutrition Tracking,Completed,7.3,36,8.3,8,27,79.1
2025-08-12,Daily Reading,Completed,6.3,0,5.1,8,26,70.6
2025-08-13,Hydration & Nutrition Tracking,Completed,8.2,32,3.8,4,24,70.7
2025-08-13,Evening Journaling,Completed,7.9,70,5.4,4,47,93.8
2025-08-14,Deep Work Block,Completed,6.3,0,4.9,1,74,68.8
2025-08-15,Morning Workout / Exercise,Missed,7.5,29,4.6,3,7,68.0
2025-08-15,Language Learning,Completed,7.3,33,3.3,7,81,99.5
2025-08-16,Daily Reading,Missed,6.2,0,7.9,3,8,39.4
2025-08-17,Language Learning,Completed,7.7,13,3.5,10,46,95.6
2025-08-18,Evening Journaling,Completed,6.0,26,7.5,6,54,75.0
2025-08-18,Morning Workout / Exercise,Completed,8.6,10,4.4,5,57,76.6
2025-08-19,Deep Work Block,Completed,7.5,0,4.0,8,67,93.8
2025-08-20,Hydration & Nutrition Tracking,Completed,7.5,0,6.7,6,46,74.7
2025-08-20,Hydration & Nutrition Tracking,Completed,7.6,44,4.0,8,54,99.5
2025-08-21,Coding Practice,Partial,6.6,29,6.3,1,10,47.5
2025-08-22,Hydration & Nutrition Tracking,Partial,6.4,0,5.4,5,14,59.9
2025-08-22,Hydration & Nutrition Tracking,Partial,7.6,0,8.8,5,37,60.1
2025-08-23,Hydration & Nutrition Tracking,Completed,5.5,0,4.5,9,22,60.7
2025-08-24,Hydration & Nutrition Tracking,Completed,7.5,76,5.0,6,78,99.5
2025-08-25,Daily Reading,Partial,6.1,30,7.6,8,38,75.8
2025-08-25,Hydration & Nutrition Tracking,Completed,7.1,47,8.6,3,47,75.0
2025-08-26,Evening Journaling,Completed,5.6,25,6.0,7,79,87.8
2025-08-27,Hydration & Nutrition Tracking,Completed,8.3,0,4.4,7,68,88.9
2025-08-27,Coding Practice,Completed,8.1,26,7.3,5,46,78.9
2025-08-28,Hydration & Nutrition Tracking,Completed,4.6,41,3.8,6,85,86.4
2025-08-29,Daily Reading,Completed,9.7,29,8.3,5,73,63.9
2025-08-29,Hydration & Nutrition Tracking,Completed,6.9,31,5.1,6,33,89.9
2025-08-30,Coding Practice,Partial,7.3,26,3.0,7,16,79.7
2025-08-31,Language Learning,Completed,6.6,70,6.5,4,64,86.1
2025-09-01,Evening Journaling,Partial,8.4,52,6.6,6,21,75.3
2025-09-01,Language Learning,Completed,6.7,0,2.7,7,69,86.4
2025-09-02,Hydration & Nutrition Tracking,Completed,6.5,20,5.8,2,39,61.3
2025-09-03,Hydration & Nutrition Tracking,Missed,7.3,0,3.5,7,6,61.1
2025-09-03,Language Learning,Completed,7.4,47,5.2,7,60,99.5
2025-09-04,Deep Work Block,Completed,8.6,54,3.8,4,78,91.6
2025-09-05,Daily Reading,Completed,7.9,0,7.8,11,52,69.0
2025-09-05,Hydration & Nutrition Tracking,Completed,7.9,38,5.2,7,84,99.5
2025-09-06,Meditation & Mindfulness,Missed,6.8,56,6.8,2,14,62.1
2025-09-07,Language Learning,Completed,7.8,0,3.9,10,88,89.8
2025-09-08,Language Learning,Completed,6.1,22,6.6,6,75,82.2
2025-09-08,Daily Reading,Completed,5.3,30,3.1,4,68,76.1
2025-09-09,Hydration & Nutrition Tracking,Completed,8.5,15,4.8,5,41,73.2
2025-09-10,Language Learning,Completed,8.4,36,9.5,6,71,78.9
2025-09-10,Daily Reading,Completed,5.8,0,2.7,10,54,80.7
2025-09-11,Deep Work Block,Completed,7.3,51,3.5,5,74,99.5
2025-09-12,Evening Journaling,Missed,6.8,77,6.1,7,10,83.5
2025-09-12,Evening Journaling,Completed,7.7,55,3.8,3,68,94.5
2025-09-13,Coding Practice,Partial,6.7,38,7.0,5,33,70.6
2025-09-14,Meditation & Mindfulness,Completed,5.2,10,2.6,7,45,70.8
2025-09-15,Daily Reading,Missed,6.6,35,4.0,8,9,84.7
2025-09-15,Morning Workout / Exercise,Completed,7.1,37,4.8,11,91,99.5
2025-09-16,Language Learning,Completed,7.8,0,5.9,2,44,59.0
2025-09-17,Language Learning,Completed,7.7,24,4.9,7,22,87.0
2025-09-17,Meditation & Mindfulness,Completed,5.7,56,5.0,6,43,85.2
2025-09-18,Evening Journaling,Completed,8.0,40,3.8,4,55,86.1
2025-09-19,Daily Reading,Partial,6.0,49,9.1,6,30,70.7
2025-09-19,Daily Reading,Partial,9.3,42,2.2,6,17,77.9
2025-09-20,Deep Work Block,Missed,7.6,57,6.9,3,5,63.4
2025-09-21,Morning Workout / Exercise,Completed,4.8,22,4.5,6,58,74.3
2025-09-22,Meditation & Mindfulness,Completed,6.2,24,6.0,5,52,82.2
2025-09-22,Deep Work Block,Completed,5.8,46,5.1,7,33,83.5
2025-09-23,Evening Journaling,Partial,7.4,34,6.8,2,27,59.2
2025-09-24,Language Learning,Completed,7.6,10,4.6,9,76,93.9
2025-09-24,Daily Reading,Completed,7.1,36,5.8,7,25,89.8
2025-09-25,Meditation & Mindfulness,Completed,7.2,0,3.8,10,52,89.1
2025-09-26,Morning Workout / Exercise,Completed,5.3,21,4.5,3,56,71.8
2025-09-26,Language Learning,Partial,9.0,61,7.5,2,35,54.4
2025-09-27,Hydration & Nutrition Tracking,Completed,8.2,33,3.9,8,20,89.0
2025-09-28,Daily Reading,Completed,8.5,50,5.8,6,43,91.4
2025-09-29,Deep Work Block,Completed,7.4,34,5.8,6,27,83.7
2025-09-29,Hydration & Nutrition Tracking,Completed,6.4,18,5.7,11,78,95.7
2025-09-30,Evening Journaling,Partial,7.2,52,6.7,5,11,77.0
2025-10-01,Language Learning,Completed,8.7,17,3.1,7,27,74.7
2025-10-01,Coding Practice,Completed,7.1,10,3.3,5,30,73.9
2025-10-02,Meditation & Mindfulness,Completed,6.9,0,7.2,2,69,57.9
2025-10-03,Daily Reading,Completed,7.8,10,4.6,7,50,85.1
2025-10-03,Language Learning,Partial,6.9,0,6.5,12,10,62.1
2025-10-04,Daily Reading,Completed,8.6,46,7.6,11,55,92.8
2025-10-05,Daily Reading,Completed,8.3,0,6.7,4,87,70.9
2025-10-06,Evening Journaling,Completed,6.1,63,7.6,5,37,70.9
2025-10-06,Hydration & Nutrition Tracking,Missed,7.7,10,2.4,8,15,74.5
2025-10-07,Hydration & Nutrition Tracking,Completed,8.5,0,4.7,9,80,87.7
2025-10-08,Evening Journaling,Completed,8.7,0,6.2,4,47,59.3
2025-10-08,Meditation & Mindfulness,Completed,8.3,62,3.3,4,70,96.8
2025-10-09,Morning Workout / Exercise,Completed,7.8,35,3.1,7,43,93.7
2025-10-10,Language Learning,Completed,6.6,60,7.3,3,58,83.2
2025-10-10,Evening Journaling,Completed,7.1,87,4.2,2,50,85.0
2025-10-11,Daily Reading,Completed,5.4,51,5.3,6,36,80.0
2025-10-12,Daily Reading,Completed,6.1,40,2.4,4,36,82.7
2025-10-13,Deep Work Block,Completed,4.5,46,7.5,10,20,60.4
2025-10-13,Evening Journaling,Completed,7.1,31,5.8,8,58,99.5
2025-10-14,Morning Workout / Exercise,Partial,7.8,34,7.0,2,33,68.6
2025-10-15,Evening Journaling,Completed,7.2,0,2.8,5,85,73.6
2025-10-15,Language Learning,Partial,7.5,56,7.3,8,32,99.3
2025-10-16,Deep Work Block,Completed,6.7,47,3.4,4,52,97.6
2025-10-17,Language Learning,Completed,7.1,65,6.0,3,56,85.8
2025-10-17,Evening Journaling,Completed,6.9,0,4.8,8,59,89.6
2025-10-18,Hydration & Nutrition Tracking,Partial,8.3,74,7.1,11,19,78.0
2025-10-19,Coding Practice,Completed,6.9,53,9.0,2,57,71.4
2025-10-20,Deep Work Block,Completed,8.4,59,8.2,7,84,91.4
2025-10-20,Daily Reading,Completed,5.8,30,8.9,6,20,52.8
2025-10-21,Deep Work Block,Completed,7.7,0,6.8,9,64,80.7
2025-10-22,Hydration & Nutrition Tracking,Missed,8.3,19,8.8,7,13,57.1
2025-10-22,Meditation & Mindfulness,Completed,8.6,10,6.7,5,42,63.5
2025-10-23,Coding Practice,Completed,7.1,26,4.5,7,82,99.5
2025-10-24,Language Learning,Completed,7.1,0,5.0,11,52,91.5
2025-10-24,Language Learning,Missed,7.7,0,6.5,8,19,69.2
2025-10-25,Coding Practice,Partial,7.9,17,5.2,7,27,75.0
2025-10-26,Morning Workout / Exercise,Missed,6.5,0,5.2,6,12,50.9
2025-10-27,Daily Reading,Completed,7.8,59,3.0,4,51,98.6
2025-10-27,Daily Reading,Completed,6.9,53,3.9,6,53,99.5
2025-10-28,Morning Workout / Exercise,Partial,7.6,19,5.4,3,13,61.4
2025-10-29,Coding Practice,Missed,4.0,0,4.6,6,9,36.3
2025-10-29,Meditation & Mindfulness,Completed,8.0,25,8.1,8,40,75.0
2025-10-30,Evening Journaling,Partial,6.4,0,3.9,4,20,52.8
2025-10-31,Morning Workout / Exercise,Completed,6.3,0,7.1,3,72,63.2
2025-10-31,Coding Practice,Completed,7.3,50,8.4,5,79,88.9
2025-11-01,Coding Practice,Completed,5.5,72,4.7,6,55,87.4
2025-11-02,Deep Work Block,Completed,7.3,38,8.0,5,63,89.9
2025-11-03,Deep Work Block,Completed,6.2,61,4.1,8,57,99.5
2025-11-03,Language Learning,Completed,10.0,22,7.0,7,72,69.9
2025-11-04,Deep Work Block,Missed,6.9,17,3.1,6,14,70.4
2025-11-05,Hydration & Nutrition Tracking,Completed,6.1,30,2.4,7,94,96.2
2025-11-05,Morning Workout / Exercise,Completed,7.9,31,7.2,2,21,52.5
2025-11-06,Language Learning,Completed,7.6,0,6.8,7,59,81.4
2025-11-07,Deep Work Block,Completed,7.3,20,6.8,7,67,85.8
2025-11-07,Meditation & Mindfulness,Partial,8.1,18,5.1,8,10,79.9
2025-11-08,Morning Workout / Exercise,Completed,7.4,41,4.8,5,87,99.5
2025-11-09,Deep Work Block,Partial,7.2,33,6.7,2,16,57.2
2025-11-10,Coding Practice,Completed,6.9,35,6.3,5,67,87.6
2025-11-10,Hydration & Nutrition Tracking,Completed,7.4,10,6.0,8,20,82.1
2025-11-11,Coding Practice,Completed,6.5,39,5.4,8,65,96.5
2025-11-12,Meditation & Mindfulness,Completed,6.5,13,4.1,9,44,80.3
2025-11-12,Evening Journaling,Completed,5.0,0,4.3,8,65,77.9
2025-11-13,Meditation & Mindfulness,Partial,6.6,10,6.2,11,21,70.0
2025-11-14,Coding Practice,Completed,7.5,24,5.5,10,35,88.5
2025-11-14,Deep Work Block,Partial,7.7,38,1.7,6,21,88.4
2025-11-15,Hydration & Nutrition Tracking,Completed,6.0,0,5.7,4,39,57.1
2025-11-16,Coding Practice,Completed,7.0,49,6.2,4,38,79.6
2025-11-17,Language Learning,Missed,6.7,23,4.5,4,5,64.6
2025-11-17,Coding Practice,Completed,8.3,10,4.8,7,74,88.6
2025-11-18,Meditation & Mindfulness,Completed,8.7,23,5.0,5,87,87.1
2025-11-19,Deep Work Block,Completed,5.8,44,5.0,1,40,65.0
2025-11-19,Language Learning,Completed,8.6,0,5.5,3,80,66.4
2025-11-20,Hydration & Nutrition Tracking,Partial,7.0,0,9.3,6,36,58.2
2025-11-21,Evening Journaling,Completed,8.1,16,5.7,5,54,84.2
2025-11-21,Language Learning,Completed,7.0,28,7.6,8,62,87.0
2025-11-22,Deep Work Block,Completed,6.9,0,3.7,1,69,66.9
2025-11-23,Morning Workout / Exercise,Completed,8.5,11,4.6,6,20,64.0
2025-11-24,Hydration & Nutrition Tracking,Missed,6.4,26,7.1,1,9,39.9
2025-11-24,Evening Journaling,Partial,6.7,0,6.5,6,16,58.6
2025-11-25,Hydration & Nutrition Tracking,Completed,8.1,36,8.2,7,25,74.0
2025-11-26,Meditation & Mindfulness,Completed,7.7,0,4.3,3,74,74.7
2025-11-26,Morning Workout / Exercise,Partial,6.8,0,4.6,7,12,66.0
2025-11-27,Language Learning,Partial,9.9,0,7.3,4,19,33.2
2025-11-28,Hydration & Nutrition Tracking,Missed,6.4,35,6.3,8,8,78.9
2025-11-28,Deep Work Block,Partial,5.4,0,7.1,4,22,45.2
2025-11-29,Hydration & Nutrition Tracking,Partial,6.2,71,5.9,3,18,73.4
2025-11-30,Language Learning,Completed,7.4,61,4.0,3,77,94.2
